<?xml version="1.0" encoding="UTF-8"?>
<!DOCTYPE suite SYSTEM "http://testng.org/testng-1.0.dtd">
<suite name="Suite">
<listeners>
	<listener class-name="com.SDETSeleniumAssignmentSonuKumar.resources.TextNGITestListener"/>
</listeners>
  <test name="Test">
    <classes>
      <class name="com.SDETSeleniumAssignmentSonuKumar.Answer6to13.ReadDashboard"/>
      <class name="com.SDETSeleniumAssignmentSonuKumar.Answer6to13.SearchEmployee"/>
    </classes>
  </test> <!-- Test -->
</suite> <!-- Suite -->
